<?xml version="1.0" encoding="ISO-8859-1" standalone="yes"?>
<jamoma version="0.6" xmlns:xsi="'http://www.w3.org/2001/XMLSchema-instance'" xsi:schemaLocation="'http://jamoma.org/ file:jamoma.xsd'">
 <!--Conversion table-->
 <conversionTable>
  <entry App="value/default" TT="valueDefault"/>
  <entry App="range/clipmode" TT="rangeClipmode"/>
  <entry App="dataspace/unit/display" TT="dataspaceUnitDisplay"/>
  <entry App="ramp/drive" TT="rampDrive"/>
  <entry App="repetitions/allow" TT="repetitionsAllow"/>
  <entry App="ramp/function" TT="rampFunction"/>
  <entry App="range/bounds" TT="rangeBounds"/>
  <entry App="ramp/status" TT="rampStatus"/>
  <entry App="dataspace/unit/active" TT="dataspaceUnitActive"/>
  <entry App="dataspace/unit/native" TT="dataspaceUnitNative"/>
  <entry App="jcom.parameter" TT="Data service parameter"/>
  <entry App="jcom.return" TT="Data service return"/>
  <entry App="activity/in" TT="activityIn"/>
  <entry App="activity/out" TT="activityOut"/>

  <entry App="dec" TT="Dec"/>
  <entry App="inc" TT="Inc"/>
  <entry App="init" TT="Init"/>
  <entry App="new" TT="New"/>
  <entry App="recall" TT="Recall"/>
  <entry App="refresh" TT="Refresh"/>
  <entry App="remove" TT="Remove"/>
  <entry App="reset" TT="Reset"/>
  <entry App="send" TT="Send"/>
  <entry App="store" TT="Store"/>
 </conversionTable>
</jamoma>
